,user,timeline_url
0,"{'login': 'matiaslindgren', 'id': 11295697, 'node_id': 'MDQ6VXNlcjExMjk1Njk3', 'avatar_url': 'https://avatars.githubusercontent.com/u/11295697?v=4', 'gravatar_id': '', 'url': 'https://api.github.com/users/matiaslindgren', 'html_url': 'https://github.com/matiaslindgren', 'followers_url': 'https://api.github.com/users/matiaslindgren/followers', 'following_url': 'https://api.github.com/users/matiaslindgren/following{/other_user}', 'gists_url': 'https://api.github.com/users/matiaslindgren/gists{/gist_id}', 'starred_url': 'https://api.github.com/users/matiaslindgren/starred{/owner}{/repo}', 'subscriptions_url': 'https://api.github.com/users/matiaslindgren/subscriptions', 'organizations_url': 'https://api.github.com/users/matiaslindgren/orgs', 'repos_url': 'https://api.github.com/users/matiaslindgren/repos', 'events_url': 'https://api.github.com/users/matiaslindgren/events{/privacy}', 'received_events_url': 'https://api.github.com/users/matiaslindgren/received_events', 'type': 'User', 'site_admin': False}",https://api.github.com/repos/pandas-dev/pandas/issues/59546/timeline
1,"{'login': 'phofl', 'id': 61934744, 'node_id': 'MDQ6VXNlcjYxOTM0NzQ0', 'avatar_url': 'https://avatars.githubusercontent.com/u/61934744?v=4', 'gravatar_id': '', 'url': 'https://api.github.com/users/phofl', 'html_url': 'https://github.com/phofl', 'followers_url': 'https://api.github.com/users/phofl/followers', 'following_url': 'https://api.github.com/users/phofl/following{/other_user}', 'gists_url': 'https://api.github.com/users/phofl/gists{/gist_id}', 'starred_url': 'https://api.github.com/users/phofl/starred{/owner}{/repo}', 'subscriptions_url': 'https://api.github.com/users/phofl/subscriptions', 'organizations_url': 'https://api.github.com/users/phofl/orgs', 'repos_url': 'https://api.github.com/users/phofl/repos', 'events_url': 'https://api.github.com/users/phofl/events{/privacy}', 'received_events_url': 'https://api.github.com/users/phofl/received_events', 'type': 'User', 'site_admin': False}",https://api.github.com/repos/pandas-dev/pandas/issues/59545/timeline
2,"{'login': 'phofl', 'id': 61934744, 'node_id': 'MDQ6VXNlcjYxOTM0NzQ0', 'avatar_url': 'https://avatars.githubusercontent.com/u/61934744?v=4', 'gravatar_id': '', 'url': 'https://api.github.com/users/phofl', 'html_url': 'https://github.com/phofl', 'followers_url': 'https://api.github.com/users/phofl/followers', 'following_url': 'https://api.github.com/users/phofl/following{/other_user}', 'gists_url': 'https://api.github.com/users/phofl/gists{/gist_id}', 'starred_url': 'https://api.github.com/users/phofl/starred{/owner}{/repo}', 'subscriptions_url': 'https://api.github.com/users/phofl/subscriptions', 'organizations_url': 'https://api.github.com/users/phofl/orgs', 'repos_url': 'https://api.github.com/users/phofl/repos', 'events_url': 'https://api.github.com/users/phofl/events{/privacy}', 'received_events_url': 'https://api.github.com/users/phofl/received_events', 'type': 'User', 'site_admin': False}",https://api.github.com/repos/pandas-dev/pandas/issues/59544/timeline
3,"{'login': 'kdheepak', 'id': 1813121, 'node_id': 'MDQ6VXNlcjE4MTMxMjE=', 'avatar_url': 'https://avatars.githubusercontent.com/u/1813121?v=4', 'gravatar_id': '', 'url': 'https://api.github.com/users/kdheepak', 'html_url': 'https://github.com/kdheepak', 'followers_url': 'https://api.github.com/users/kdheepak/followers', 'following_url': 'https://api.github.com/users/kdheepak/following{/other_user}', 'gists_url': 'https://api.github.com/users/kdheepak/gists{/gist_id}', 'starred_url': 'https://api.github.com/users/kdheepak/starred{/owner}{/repo}', 'subscriptions_url': 'https://api.github.com/users/kdheepak/subscriptions', 'organizations_url': 'https://api.github.com/users/kdheepak/orgs', 'repos_url': 'https://api.github.com/users/kdheepak/repos', 'events_url': 'https://api.github.com/users/kdheepak/events{/privacy}', 'received_events_url': 'https://api.github.com/users/kdheepak/received_events', 'type': 'User', 'site_admin': False}",https://api.github.com/repos/pandas-dev/pandas/issues/59543/timeline
4,"{'login': 'ncooder', 'id': 177158061, 'node_id': 'U_kgDOCo83rQ', 'avatar_url': 'https://avatars.githubusercontent.com/u/177158061?v=4', 'gravatar_id': '', 'url': 'https://api.github.com/users/ncooder', 'html_url': 'https://github.com/ncooder', 'followers_url': 'https://api.github.com/users/ncooder/followers', 'following_url': 'https://api.github.com/users/ncooder/following{/other_user}', 'gists_url': 'https://api.github.com/users/ncooder/gists{/gist_id}', 'starred_url': 'https://api.github.com/users/ncooder/starred{/owner}{/repo}', 'subscriptions_url': 'https://api.github.com/users/ncooder/subscriptions', 'organizations_url': 'https://api.github.com/users/ncooder/orgs', 'repos_url': 'https://api.github.com/users/ncooder/repos', 'events_url': 'https://api.github.com/users/ncooder/events{/privacy}', 'received_events_url': 'https://api.github.com/users/ncooder/received_events', 'type': 'User', 'site_admin': False}",https://api.github.com/repos/pandas-dev/pandas/issues/59542/timeline
5,"{'login': 'phofl', 'id': 61934744, 'node_id': 'MDQ6VXNlcjYxOTM0NzQ0', 'avatar_url': 'https://avatars.githubusercontent.com/u/61934744?v=4', 'gravatar_id': '', 'url': 'https://api.github.com/users/phofl', 'html_url': 'https://github.com/phofl', 'followers_url': 'https://api.github.com/users/phofl/followers', 'following_url': 'https://api.github.com/users/phofl/following{/other_user}', 'gists_url': 'https://api.github.com/users/phofl/gists{/gist_id}', 'starred_url': 'https://api.github.com/users/phofl/starred{/owner}{/repo}', 'subscriptions_url': 'https://api.github.com/users/phofl/subscriptions', 'organizations_url': 'https://api.github.com/users/phofl/orgs', 'repos_url': 'https://api.github.com/users/phofl/repos', 'events_url': 'https://api.github.com/users/phofl/events{/privacy}', 'received_events_url': 'https://api.github.com/users/phofl/received_events', 'type': 'User', 'site_admin': False}",https://api.github.com/repos/pandas-dev/pandas/issues/59541/timeline
6,"{'login': 'abhinav-thimma', 'id': 22278406, 'node_id': 'MDQ6VXNlcjIyMjc4NDA2', 'avatar_url': 'https://avatars.githubusercontent.com/u/22278406?v=4', 'gravatar_id': '', 'url': 'https://api.github.com/users/abhinav-thimma', 'html_url': 'https://github.com/abhinav-thimma', 'followers_url': 'https://api.github.com/users/abhinav-thimma/followers', 'following_url': 'https://api.github.com/users/abhinav-thimma/following{/other_user}', 'gists_url': 'https://api.github.com/users/abhinav-thimma/gists{/gist_id}', 'starred_url': 'https://api.github.com/users/abhinav-thimma/starred{/owner}{/repo}', 'subscriptions_url': 'https://api.github.com/users/abhinav-thimma/subscriptions', 'organizations_url': 'https://api.github.com/users/abhinav-thimma/orgs', 'repos_url': 'https://api.github.com/users/abhinav-thimma/repos', 'events_url': 'https://api.github.com/users/abhinav-thimma/events{/privacy}', 'received_events_url': 'https://api.github.com/users/abhinav-thimma/received_events', 'type': 'User', 'site_admin': False}",https://api.github.com/repos/pandas-dev/pandas/issues/59540/timeline
7,"{'login': 'matsidzi', 'id': 60542384, 'node_id': 'MDQ6VXNlcjYwNTQyMzg0', 'avatar_url': 'https://avatars.githubusercontent.com/u/60542384?v=4', 'gravatar_id': '', 'url': 'https://api.github.com/users/matsidzi', 'html_url': 'https://github.com/matsidzi', 'followers_url': 'https://api.github.com/users/matsidzi/followers', 'following_url': 'https://api.github.com/users/matsidzi/following{/other_user}', 'gists_url': 'https://api.github.com/users/matsidzi/gists{/gist_id}', 'starred_url': 'https://api.github.com/users/matsidzi/starred{/owner}{/repo}', 'subscriptions_url': 'https://api.github.com/users/matsidzi/subscriptions', 'organizations_url': 'https://api.github.com/users/matsidzi/orgs', 'repos_url': 'https://api.github.com/users/matsidzi/repos', 'events_url': 'https://api.github.com/users/matsidzi/events{/privacy}', 'received_events_url': 'https://api.github.com/users/matsidzi/received_events', 'type': 'User', 'site_admin': False}",https://api.github.com/repos/pandas-dev/pandas/issues/59539/timeline
8,"{'login': 'benjamindonnachie', 'id': 83379521, 'node_id': 'MDQ6VXNlcjgzMzc5NTIx', 'avatar_url': 'https://avatars.githubusercontent.com/u/83379521?v=4', 'gravatar_id': '', 'url': 'https://api.github.com/users/benjamindonnachie', 'html_url': 'https://github.com/benjamindonnachie', 'followers_url': 'https://api.github.com/users/benjamindonnachie/followers', 'following_url': 'https://api.github.com/users/benjamindonnachie/following{/other_user}', 'gists_url': 'https://api.github.com/users/benjamindonnachie/gists{/gist_id}', 'starred_url': 'https://api.github.com/users/benjamindonnachie/starred{/owner}{/repo}', 'subscriptions_url': 'https://api.github.com/users/benjamindonnachie/subscriptions', 'organizations_url': 'https://api.github.com/users/benjamindonnachie/orgs', 'repos_url': 'https://api.github.com/users/benjamindonnachie/repos', 'events_url': 'https://api.github.com/users/benjamindonnachie/events{/privacy}', 'received_events_url': 'https://api.github.com/users/benjamindonnachie/received_events', 'type': 'User', 'site_admin': False}",https://api.github.com/repos/pandas-dev/pandas/issues/59537/timeline
9,"{'login': 'bnavigator', 'id': 4623504, 'node_id': 'MDQ6VXNlcjQ2MjM1MDQ=', 'avatar_url': 'https://avatars.githubusercontent.com/u/4623504?v=4', 'gravatar_id': '', 'url': 'https://api.github.com/users/bnavigator', 'html_url': 'https://github.com/bnavigator', 'followers_url': 'https://api.github.com/users/bnavigator/followers', 'following_url': 'https://api.github.com/users/bnavigator/following{/other_user}', 'gists_url': 'https://api.github.com/users/bnavigator/gists{/gist_id}', 'starred_url': 'https://api.github.com/users/bnavigator/starred{/owner}{/repo}', 'subscriptions_url': 'https://api.github.com/users/bnavigator/subscriptions', 'organizations_url': 'https://api.github.com/users/bnavigator/orgs', 'repos_url': 'https://api.github.com/users/bnavigator/repos', 'events_url': 'https://api.github.com/users/bnavigator/events{/privacy}', 'received_events_url': 'https://api.github.com/users/bnavigator/received_events', 'type': 'User', 'site_admin': False}",https://api.github.com/repos/pandas-dev/pandas/issues/59535/timeline
10,"{'login': 'Tharun-PS', 'id': 71878525, 'node_id': 'MDQ6VXNlcjcxODc4NTI1', 'avatar_url': 'https://avatars.githubusercontent.com/u/71878525?v=4', 'gravatar_id': '', 'url': 'https://api.github.com/users/Tharun-PS', 'html_url': 'https://github.com/Tharun-PS', 'followers_url': 'https://api.github.com/users/Tharun-PS/followers', 'following_url': 'https://api.github.com/users/Tharun-PS/following{/other_user}', 'gists_url': 'https://api.github.com/users/Tharun-PS/gists{/gist_id}', 'starred_url': 'https://api.github.com/users/Tharun-PS/starred{/owner}{/repo}', 'subscriptions_url': 'https://api.github.com/users/Tharun-PS/subscriptions', 'organizations_url': 'https://api.github.com/users/Tharun-PS/orgs', 'repos_url': 'https://api.github.com/users/Tharun-PS/repos', 'events_url': 'https://api.github.com/users/Tharun-PS/events{/privacy}', 'received_events_url': 'https://api.github.com/users/Tharun-PS/received_events', 'type': 'User', 'site_admin': False}",https://api.github.com/repos/pandas-dev/pandas/issues/59534/timeline
11,"{'login': 'uditbaliyan', 'id': 130930448, 'node_id': 'U_kgDOB83XEA', 'avatar_url': 'https://avatars.githubusercontent.com/u/130930448?v=4', 'gravatar_id': '', 'url': 'https://api.github.com/users/uditbaliyan', 'html_url': 'https://github.com/uditbaliyan', 'followers_url': 'https://api.github.com/users/uditbaliyan/followers', 'following_url': 'https://api.github.com/users/uditbaliyan/following{/other_user}', 'gists_url': 'https://api.github.com/users/uditbaliyan/gists{/gist_id}', 'starred_url': 'https://api.github.com/users/uditbaliyan/starred{/owner}{/repo}', 'subscriptions_url': 'https://api.github.com/users/uditbaliyan/subscriptions', 'organizations_url': 'https://api.github.com/users/uditbaliyan/orgs', 'repos_url': 'https://api.github.com/users/uditbaliyan/repos', 'events_url': 'https://api.github.com/users/uditbaliyan/events{/privacy}', 'received_events_url': 'https://api.github.com/users/uditbaliyan/received_events', 'type': 'User', 'site_admin': False}",https://api.github.com/repos/pandas-dev/pandas/issues/59533/timeline
12,"{'login': 'matsidzi', 'id': 60542384, 'node_id': 'MDQ6VXNlcjYwNTQyMzg0', 'avatar_url': 'https://avatars.githubusercontent.com/u/60542384?v=4', 'gravatar_id': '', 'url': 'https://api.github.com/users/matsidzi', 'html_url': 'https://github.com/matsidzi', 'followers_url': 'https://api.github.com/users/matsidzi/followers', 'following_url': 'https://api.github.com/users/matsidzi/following{/other_user}', 'gists_url': 'https://api.github.com/users/matsidzi/gists{/gist_id}', 'starred_url': 'https://api.github.com/users/matsidzi/starred{/owner}{/repo}', 'subscriptions_url': 'https://api.github.com/users/matsidzi/subscriptions', 'organizations_url': 'https://api.github.com/users/matsidzi/orgs', 'repos_url': 'https://api.github.com/users/matsidzi/repos', 'events_url': 'https://api.github.com/users/matsidzi/events{/privacy}', 'received_events_url': 'https://api.github.com/users/matsidzi/received_events', 'type': 'User', 'site_admin': False}",https://api.github.com/repos/pandas-dev/pandas/issues/59532/timeline
13,"{'login': 'benjamindonnachie', 'id': 83379521, 'node_id': 'MDQ6VXNlcjgzMzc5NTIx', 'avatar_url': 'https://avatars.githubusercontent.com/u/83379521?v=4', 'gravatar_id': '', 'url': 'https://api.github.com/users/benjamindonnachie', 'html_url': 'https://github.com/benjamindonnachie', 'followers_url': 'https://api.github.com/users/benjamindonnachie/followers', 'following_url': 'https://api.github.com/users/benjamindonnachie/following{/other_user}', 'gists_url': 'https://api.github.com/users/benjamindonnachie/gists{/gist_id}', 'starred_url': 'https://api.github.com/users/benjamindonnachie/starred{/owner}{/repo}', 'subscriptions_url': 'https://api.github.com/users/benjamindonnachie/subscriptions', 'organizations_url': 'https://api.github.com/users/benjamindonnachie/orgs', 'repos_url': 'https://api.github.com/users/benjamindonnachie/repos', 'events_url': 'https://api.github.com/users/benjamindonnachie/events{/privacy}', 'received_events_url': 'https://api.github.com/users/benjamindonnachie/received_events', 'type': 'User', 'site_admin': False}",https://api.github.com/repos/pandas-dev/pandas/issues/59531/timeline
14,"{'login': 'sfc-gh-mvashishtha', 'id': 149194323, 'node_id': 'U_kgDOCOSGUw', 'avatar_url': 'https://avatars.githubusercontent.com/u/149194323?v=4', 'gravatar_id': '', 'url': 'https://api.github.com/users/sfc-gh-mvashishtha', 'html_url': 'https://github.com/sfc-gh-mvashishtha', 'followers_url': 'https://api.github.com/users/sfc-gh-mvashishtha/followers', 'following_url': 'https://api.github.com/users/sfc-gh-mvashishtha/following{/other_user}', 'gists_url': 'https://api.github.com/users/sfc-gh-mvashishtha/gists{/gist_id}', 'starred_url': 'https://api.github.com/users/sfc-gh-mvashishtha/starred{/owner}{/repo}', 'subscriptions_url': 'https://api.github.com/users/sfc-gh-mvashishtha/subscriptions', 'organizations_url': 'https://api.github.com/users/sfc-gh-mvashishtha/orgs', 'repos_url': 'https://api.github.com/users/sfc-gh-mvashishtha/repos', 'events_url': 'https://api.github.com/users/sfc-gh-mvashishtha/events{/privacy}', 'received_events_url': 'https://api.github.com/users/sfc-gh-mvashishtha/received_events', 'type': 'User', 'site_admin': False}",https://api.github.com/repos/pandas-dev/pandas/issues/59529/timeline
15,"{'login': 'Pranav-Wadhwa', 'id': 25285598, 'node_id': 'MDQ6VXNlcjI1Mjg1NTk4', 'avatar_url': 'https://avatars.githubusercontent.com/u/25285598?v=4', 'gravatar_id': '', 'url': 'https://api.github.com/users/Pranav-Wadhwa', 'html_url': 'https://github.com/Pranav-Wadhwa', 'followers_url': 'https://api.github.com/users/Pranav-Wadhwa/followers', 'following_url': 'https://api.github.com/users/Pranav-Wadhwa/following{/other_user}', 'gists_url': 'https://api.github.com/users/Pranav-Wadhwa/gists{/gist_id}', 'starred_url': 'https://api.github.com/users/Pranav-Wadhwa/starred{/owner}{/repo}', 'subscriptions_url': 'https://api.github.com/users/Pranav-Wadhwa/subscriptions', 'organizations_url': 'https://api.github.com/users/Pranav-Wadhwa/orgs', 'repos_url': 'https://api.github.com/users/Pranav-Wadhwa/repos', 'events_url': 'https://api.github.com/users/Pranav-Wadhwa/events{/privacy}', 'received_events_url': 'https://api.github.com/users/Pranav-Wadhwa/received_events', 'type': 'User', 'site_admin': False}",https://api.github.com/repos/pandas-dev/pandas/issues/59528/timeline
16,"{'login': 'alirezazangi', 'id': 15724339, 'node_id': 'MDQ6VXNlcjE1NzI0MzM5', 'avatar_url': 'https://avatars.githubusercontent.com/u/15724339?v=4', 'gravatar_id': '', 'url': 'https://api.github.com/users/alirezazangi', 'html_url': 'https://github.com/alirezazangi', 'followers_url': 'https://api.github.com/users/alirezazangi/followers', 'following_url': 'https://api.github.com/users/alirezazangi/following{/other_user}', 'gists_url': 'https://api.github.com/users/alirezazangi/gists{/gist_id}', 'starred_url': 'https://api.github.com/users/alirezazangi/starred{/owner}{/repo}', 'subscriptions_url': 'https://api.github.com/users/alirezazangi/subscriptions', 'organizations_url': 'https://api.github.com/users/alirezazangi/orgs', 'repos_url': 'https://api.github.com/users/alirezazangi/repos', 'events_url': 'https://api.github.com/users/alirezazangi/events{/privacy}', 'received_events_url': 'https://api.github.com/users/alirezazangi/received_events', 'type': 'User', 'site_admin': False}",https://api.github.com/repos/pandas-dev/pandas/issues/59527/timeline
17,"{'login': 'alexowens90', 'id': 73388657, 'node_id': 'MDQ6VXNlcjczMzg4NjU3', 'avatar_url': 'https://avatars.githubusercontent.com/u/73388657?v=4', 'gravatar_id': '', 'url': 'https://api.github.com/users/alexowens90', 'html_url': 'https://github.com/alexowens90', 'followers_url': 'https://api.github.com/users/alexowens90/followers', 'following_url': 'https://api.github.com/users/alexowens90/following{/other_user}', 'gists_url': 'https://api.github.com/users/alexowens90/gists{/gist_id}', 'starred_url': 'https://api.github.com/users/alexowens90/starred{/owner}{/repo}', 'subscriptions_url': 'https://api.github.com/users/alexowens90/subscriptions', 'organizations_url': 'https://api.github.com/users/alexowens90/orgs', 'repos_url': 'https://api.github.com/users/alexowens90/repos', 'events_url': 'https://api.github.com/users/alexowens90/events{/privacy}', 'received_events_url': 'https://api.github.com/users/alexowens90/received_events', 'type': 'User', 'site_admin': False}",https://api.github.com/repos/pandas-dev/pandas/issues/59524/timeline
18,"{'login': 'ghz20040102', 'id': 46315582, 'node_id': 'MDQ6VXNlcjQ2MzE1NTgy', 'avatar_url': 'https://avatars.githubusercontent.com/u/46315582?v=4', 'gravatar_id': '', 'url': 'https://api.github.com/users/ghz20040102', 'html_url': 'https://github.com/ghz20040102', 'followers_url': 'https://api.github.com/users/ghz20040102/followers', 'following_url': 'https://api.github.com/users/ghz20040102/following{/other_user}', 'gists_url': 'https://api.github.com/users/ghz20040102/gists{/gist_id}', 'starred_url': 'https://api.github.com/users/ghz20040102/starred{/owner}{/repo}', 'subscriptions_url': 'https://api.github.com/users/ghz20040102/subscriptions', 'organizations_url': 'https://api.github.com/users/ghz20040102/orgs', 'repos_url': 'https://api.github.com/users/ghz20040102/repos', 'events_url': 'https://api.github.com/users/ghz20040102/events{/privacy}', 'received_events_url': 'https://api.github.com/users/ghz20040102/received_events', 'type': 'User', 'site_admin': False}",https://api.github.com/repos/pandas-dev/pandas/issues/59523/timeline
19,"{'login': 'kylebarron', 'id': 15164633, 'node_id': 'MDQ6VXNlcjE1MTY0NjMz', 'avatar_url': 'https://avatars.githubusercontent.com/u/15164633?v=4', 'gravatar_id': '', 'url': 'https://api.github.com/users/kylebarron', 'html_url': 'https://github.com/kylebarron', 'followers_url': 'https://api.github.com/users/kylebarron/followers', 'following_url': 'https://api.github.com/users/kylebarron/following{/other_user}', 'gists_url': 'https://api.github.com/users/kylebarron/gists{/gist_id}', 'starred_url': 'https://api.github.com/users/kylebarron/starred{/owner}{/repo}', 'subscriptions_url': 'https://api.github.com/users/kylebarron/subscriptions', 'organizations_url': 'https://api.github.com/users/kylebarron/orgs', 'repos_url': 'https://api.github.com/users/kylebarron/repos', 'events_url': 'https://api.github.com/users/kylebarron/events{/privacy}', 'received_events_url': 'https://api.github.com/users/kylebarron/received_events', 'type': 'User', 'site_admin': False}",https://api.github.com/repos/pandas-dev/pandas/issues/59518/timeline
20,"{'login': 'benjamin-hodgson', 'id': 3857587, 'node_id': 'MDQ6VXNlcjM4NTc1ODc=', 'avatar_url': 'https://avatars.githubusercontent.com/u/3857587?v=4', 'gravatar_id': '', 'url': 'https://api.github.com/users/benjamin-hodgson', 'html_url': 'https://github.com/benjamin-hodgson', 'followers_url': 'https://api.github.com/users/benjamin-hodgson/followers', 'following_url': 'https://api.github.com/users/benjamin-hodgson/following{/other_user}', 'gists_url': 'https://api.github.com/users/benjamin-hodgson/gists{/gist_id}', 'starred_url': 'https://api.github.com/users/benjamin-hodgson/starred{/owner}{/repo}', 'subscriptions_url': 'https://api.github.com/users/benjamin-hodgson/subscriptions', 'organizations_url': 'https://api.github.com/users/benjamin-hodgson/orgs', 'repos_url': 'https://api.github.com/users/benjamin-hodgson/repos', 'events_url': 'https://api.github.com/users/benjamin-hodgson/events{/privacy}', 'received_events_url': 'https://api.github.com/users/benjamin-hodgson/received_events', 'type': 'User', 'site_admin': False}",https://api.github.com/repos/pandas-dev/pandas/issues/59516/timeline
21,"{'login': 'WillAyd', 'id': 609873, 'node_id': 'MDQ6VXNlcjYwOTg3Mw==', 'avatar_url': 'https://avatars.githubusercontent.com/u/609873?v=4', 'gravatar_id': '', 'url': 'https://api.github.com/users/WillAyd', 'html_url': 'https://github.com/WillAyd', 'followers_url': 'https://api.github.com/users/WillAyd/followers', 'following_url': 'https://api.github.com/users/WillAyd/following{/other_user}', 'gists_url': 'https://api.github.com/users/WillAyd/gists{/gist_id}', 'starred_url': 'https://api.github.com/users/WillAyd/starred{/owner}{/repo}', 'subscriptions_url': 'https://api.github.com/users/WillAyd/subscriptions', 'organizations_url': 'https://api.github.com/users/WillAyd/orgs', 'repos_url': 'https://api.github.com/users/WillAyd/repos', 'events_url': 'https://api.github.com/users/WillAyd/events{/privacy}', 'received_events_url': 'https://api.github.com/users/WillAyd/received_events', 'type': 'User', 'site_admin': False}",https://api.github.com/repos/pandas-dev/pandas/issues/59513/timeline
22,"{'login': 'NavaneetthaSundararaj', 'id': 9381322, 'node_id': 'MDQ6VXNlcjkzODEzMjI=', 'avatar_url': 'https://avatars.githubusercontent.com/u/9381322?v=4', 'gravatar_id': '', 'url': 'https://api.github.com/users/NavaneetthaSundararaj', 'html_url': 'https://github.com/NavaneetthaSundararaj', 'followers_url': 'https://api.github.com/users/NavaneetthaSundararaj/followers', 'following_url': 'https://api.github.com/users/NavaneetthaSundararaj/following{/other_user}', 'gists_url': 'https://api.github.com/users/NavaneetthaSundararaj/gists{/gist_id}', 'starred_url': 'https://api.github.com/users/NavaneetthaSundararaj/starred{/owner}{/repo}', 'subscriptions_url': 'https://api.github.com/users/NavaneetthaSundararaj/subscriptions', 'organizations_url': 'https://api.github.com/users/NavaneetthaSundararaj/orgs', 'repos_url': 'https://api.github.com/users/NavaneetthaSundararaj/repos', 'events_url': 'https://api.github.com/users/NavaneetthaSundararaj/events{/privacy}', 'received_events_url': 'https://api.github.com/users/NavaneetthaSundararaj/received_events', 'type': 'User', 'site_admin': False}",https://api.github.com/repos/pandas-dev/pandas/issues/59512/timeline
23,"{'login': 'krassowski', 'id': 5832902, 'node_id': 'MDQ6VXNlcjU4MzI5MDI=', 'avatar_url': 'https://avatars.githubusercontent.com/u/5832902?v=4', 'gravatar_id': '', 'url': 'https://api.github.com/users/krassowski', 'html_url': 'https://github.com/krassowski', 'followers_url': 'https://api.github.com/users/krassowski/followers', 'following_url': 'https://api.github.com/users/krassowski/following{/other_user}', 'gists_url': 'https://api.github.com/users/krassowski/gists{/gist_id}', 'starred_url': 'https://api.github.com/users/krassowski/starred{/owner}{/repo}', 'subscriptions_url': 'https://api.github.com/users/krassowski/subscriptions', 'organizations_url': 'https://api.github.com/users/krassowski/orgs', 'repos_url': 'https://api.github.com/users/krassowski/repos', 'events_url': 'https://api.github.com/users/krassowski/events{/privacy}', 'received_events_url': 'https://api.github.com/users/krassowski/received_events', 'type': 'User', 'site_admin': False}",https://api.github.com/repos/pandas-dev/pandas/issues/59511/timeline
24,"{'login': 'SMAntony', 'id': 64364731, 'node_id': 'MDQ6VXNlcjY0MzY0NzMx', 'avatar_url': 'https://avatars.githubusercontent.com/u/64364731?v=4', 'gravatar_id': '', 'url': 'https://api.github.com/users/SMAntony', 'html_url': 'https://github.com/SMAntony', 'followers_url': 'https://api.github.com/users/SMAntony/followers', 'following_url': 'https://api.github.com/users/SMAntony/following{/other_user}', 'gists_url': 'https://api.github.com/users/SMAntony/gists{/gist_id}', 'starred_url': 'https://api.github.com/users/SMAntony/starred{/owner}{/repo}', 'subscriptions_url': 'https://api.github.com/users/SMAntony/subscriptions', 'organizations_url': 'https://api.github.com/users/SMAntony/orgs', 'repos_url': 'https://api.github.com/users/SMAntony/repos', 'events_url': 'https://api.github.com/users/SMAntony/events{/privacy}', 'received_events_url': 'https://api.github.com/users/SMAntony/received_events', 'type': 'User', 'site_admin': False}",https://api.github.com/repos/pandas-dev/pandas/issues/59510/timeline
25,"{'login': 'zhaxnb', 'id': 37520757, 'node_id': 'MDQ6VXNlcjM3NTIwNzU3', 'avatar_url': 'https://avatars.githubusercontent.com/u/37520757?v=4', 'gravatar_id': '', 'url': 'https://api.github.com/users/zhaxnb', 'html_url': 'https://github.com/zhaxnb', 'followers_url': 'https://api.github.com/users/zhaxnb/followers', 'following_url': 'https://api.github.com/users/zhaxnb/following{/other_user}', 'gists_url': 'https://api.github.com/users/zhaxnb/gists{/gist_id}', 'starred_url': 'https://api.github.com/users/zhaxnb/starred{/owner}{/repo}', 'subscriptions_url': 'https://api.github.com/users/zhaxnb/subscriptions', 'organizations_url': 'https://api.github.com/users/zhaxnb/orgs', 'repos_url': 'https://api.github.com/users/zhaxnb/repos', 'events_url': 'https://api.github.com/users/zhaxnb/events{/privacy}', 'received_events_url': 'https://api.github.com/users/zhaxnb/received_events', 'type': 'User', 'site_admin': False}",https://api.github.com/repos/pandas-dev/pandas/issues/59508/timeline
26,"{'login': 'jbrockmendel', 'id': 8078968, 'node_id': 'MDQ6VXNlcjgwNzg5Njg=', 'avatar_url': 'https://avatars.githubusercontent.com/u/8078968?v=4', 'gravatar_id': '', 'url': 'https://api.github.com/users/jbrockmendel', 'html_url': 'https://github.com/jbrockmendel', 'followers_url': 'https://api.github.com/users/jbrockmendel/followers', 'following_url': 'https://api.github.com/users/jbrockmendel/following{/other_user}', 'gists_url': 'https://api.github.com/users/jbrockmendel/gists{/gist_id}', 'starred_url': 'https://api.github.com/users/jbrockmendel/starred{/owner}{/repo}', 'subscriptions_url': 'https://api.github.com/users/jbrockmendel/subscriptions', 'organizations_url': 'https://api.github.com/users/jbrockmendel/orgs', 'repos_url': 'https://api.github.com/users/jbrockmendel/repos', 'events_url': 'https://api.github.com/users/jbrockmendel/events{/privacy}', 'received_events_url': 'https://api.github.com/users/jbrockmendel/received_events', 'type': 'User', 'site_admin': False}",https://api.github.com/repos/pandas-dev/pandas/issues/59502/timeline
27,"{'login': 'crspencer11', 'id': 87241853, 'node_id': 'MDQ6VXNlcjg3MjQxODUz', 'avatar_url': 'https://avatars.githubusercontent.com/u/87241853?v=4', 'gravatar_id': '', 'url': 'https://api.github.com/users/crspencer11', 'html_url': 'https://github.com/crspencer11', 'followers_url': 'https://api.github.com/users/crspencer11/followers', 'following_url': 'https://api.github.com/users/crspencer11/following{/other_user}', 'gists_url': 'https://api.github.com/users/crspencer11/gists{/gist_id}', 'starred_url': 'https://api.github.com/users/crspencer11/starred{/owner}{/repo}', 'subscriptions_url': 'https://api.github.com/users/crspencer11/subscriptions', 'organizations_url': 'https://api.github.com/users/crspencer11/orgs', 'repos_url': 'https://api.github.com/users/crspencer11/repos', 'events_url': 'https://api.github.com/users/crspencer11/events{/privacy}', 'received_events_url': 'https://api.github.com/users/crspencer11/received_events', 'type': 'User', 'site_admin': False}",https://api.github.com/repos/pandas-dev/pandas/issues/59500/timeline
28,"{'login': 'Saeid696', 'id': 173142227, 'node_id': 'U_kgDOClHw0w', 'avatar_url': 'https://avatars.githubusercontent.com/u/173142227?v=4', 'gravatar_id': '', 'url': 'https://api.github.com/users/Saeid696', 'html_url': 'https://github.com/Saeid696', 'followers_url': 'https://api.github.com/users/Saeid696/followers', 'following_url': 'https://api.github.com/users/Saeid696/following{/other_user}', 'gists_url': 'https://api.github.com/users/Saeid696/gists{/gist_id}', 'starred_url': 'https://api.github.com/users/Saeid696/starred{/owner}{/repo}', 'subscriptions_url': 'https://api.github.com/users/Saeid696/subscriptions', 'organizations_url': 'https://api.github.com/users/Saeid696/orgs', 'repos_url': 'https://api.github.com/users/Saeid696/repos', 'events_url': 'https://api.github.com/users/Saeid696/events{/privacy}', 'received_events_url': 'https://api.github.com/users/Saeid696/received_events', 'type': 'User', 'site_admin': False}",https://api.github.com/repos/pandas-dev/pandas/issues/59497/timeline
29,"{'login': 'torext', 'id': 10012123, 'node_id': 'MDQ6VXNlcjEwMDEyMTIz', 'avatar_url': 'https://avatars.githubusercontent.com/u/10012123?v=4', 'gravatar_id': '', 'url': 'https://api.github.com/users/torext', 'html_url': 'https://github.com/torext', 'followers_url': 'https://api.github.com/users/torext/followers', 'following_url': 'https://api.github.com/users/torext/following{/other_user}', 'gists_url': 'https://api.github.com/users/torext/gists{/gist_id}', 'starred_url': 'https://api.github.com/users/torext/starred{/owner}{/repo}', 'subscriptions_url': 'https://api.github.com/users/torext/subscriptions', 'organizations_url': 'https://api.github.com/users/torext/orgs', 'repos_url': 'https://api.github.com/users/torext/repos', 'events_url': 'https://api.github.com/users/torext/events{/privacy}', 'received_events_url': 'https://api.github.com/users/torext/received_events', 'type': 'User', 'site_admin': False}",https://api.github.com/repos/pandas-dev/pandas/issues/59495/timeline
